process,shape,lifetime,deathprob
empirical,NA,12.1684173669468,0.0957871396895787
BD,NA,8.68608267876133,0.359261500828538
ADB,32,12.1963539680766,0.0924107317882404
